Category,Pixels,Percentage
Vegetation Loss,3251074.7843137244,10.49398781703388
Vegetation Gain,6253135.294117648,20.18419444281934
Stable Vegetation,21475950.152941108,69.32118582801665
